{
  "buy_subscription": 0.5064484126984127,
  "enable_autopay": 0.597943722943723,
  "pay_before_deadline": 0.5935374149659864,
  "repay_debt": 0.7738095238095238,
  "topup_balance": 0.6731150793650794,
  "topup_forecast": 0.6577380952380952
}